#model_version:v2025.03.14,score_date:2026-08-13T00:00:00+0000
cve,epss,percentile
CVE-2021-44228,0.975650,0.99990
CVE-2023-4966,0.941200,0.99970
CVE-2021-26855,0.964000,0.99980
CVE-2022-1388,0.941000,0.99960
CVE-2018-13379,0.945000,0.99960
CVE-2023-34362,0.933000,0.99950
CVE-2023-38545,0.110000,0.94500
CVE-2023-45853,0.004100,0.72000
CVE-2022-40897,0.008200,0.81000
CVE-2023-29491,0.001100,0.45000
CVE-2022-3715,0.002000,0.55000
CVE-2021-33560,0.003000,0.60000
CVE-2020-8284,0.002200,0.56000
CVE-2019-1010022,0.001300,0.47000
